{
    "loss": [
        0.03314681351184845,
        0.01715277135372162,
        0.014665747061371803,
        0.013101193122565746,
        0.012106220237910748,
        0.01169725600630045,
        0.011090078391134739,
        0.010549656115472317,
        0.010273294523358345,
        0.009526083245873451
    ],
    "val_loss": [
        0.012864422053098679,
        0.013231812976300716,
        0.009789515286684036,
        0.010969680733978748,
        0.0071076275780797005,
        0.009163228794932365,
        0.00732010742649436,
        0.01036594808101654,
        0.00937011931091547,
        0.008080118335783482
    ],
    "accuracy": [
        0.9862880110740662,
        0.9930400848388672,
        0.9940405488014221,
        0.9944755434989929,
        0.9949540495872498,
        0.9951328635215759,
        0.9954180717468262,
        0.9958047270774841,
        0.9958868622779846,
        0.9961189031600952
    ],
    "val_accuracy": [
        0.9952247738838196,
        0.9950700998306274,
        0.996307373046875,
        0.9961527585983276,
        0.99698406457901,
        0.9961333870887756,
        0.9971580505371094,
        0.9956887364387512,
        0.9961140751838684,
        0.9968100786209106
    ],
    "stopped_epoch": 10
}